{
  "ticks_per_quarter": 220,

  "tempos": {
    "qpm": 99.99999999999999
  },
  "notes": [
    {
      "pitch": 60,
      "velocity": 100,
      "startTime": 0,
      "endTime": 1.8000000000000003
    },
    {
      "pitch": 65,
      "velocity": 100,
      "startTime": 1.8000000000000003,
      "endTime": 2.4000000000000004
    },
    {
      "pitch": 67,
      "velocity": 100,
      "startTime": 1.8000000000000003,
      "endTime": 2.4000000000000004
    },
    {
      "pitch": 60,
      "velocity": 100,
      "startTime": 2.4000000000000004,
      "endTime": 4.200000000000001
    }
  ],
  "totalTime": 4.200000000000001
}
